2,41421721,True,False,False,True,False,0,\\Speednet21\pt\1003_JIMU1\02_チーム\04_新契約・保全ＷＦ\HozenWF\04_保全\91_FAITEC\@tool\リモートテスト環境ログインツール\Program Files版
3,41421722,False,False,True,False,True,0,C:\Program Files (x86)\Microsoft Office\root\Office16\OUTLOOK.EXE
4,41421723,False,True,False,False,True,0,K:\打刻忘れ防止作戦\出勤.vbs
5,41421724,False,True,False,False,True,2,K:\打刻忘れ防止作戦\退勤.vbs
6,41421725,False,True,False,False,True,1,K:\打刻忘れ防止作戦\お昼メール.vbs
7,41421726,True,False,True,False,True,37,F:\vbs\sleep.vbs
8,41421727,True,False,False,True,False,1,\\Speednet21\pt\1003_JIMU1\02_チーム\04_新契約・保全ＷＦ\02_保全ＷＦ\04_保全\89_保守\★★★　設計書　★★★\00．外部設計
9,41421728,True,False,False,True,False,2,\\Speednet21\pt\1003_JIMU1\02_チーム\04_新契約・保全ＷＦ\02_保全ＷＦ\Work
